Freq. Range[8,1.299000e+01]
Name;#Ephocs;FP1;FPZ;FP2;AF3;AF4;F7;F5;F3;F1;F2;F4;F6;F8;FC5;FC3;FC1;FCZ;FC2;FC4;FC6;T7;C5;C3;C1;C2;C4;C6;T8;TP7;CP5;CP3;CP1;CPZ;CP2;CP4;CP6;TP8;P7;P5;P3;P1;PZ;P2;P4;P6;P8;PO7;PO3;POZ;PO4;PO8;O1;OZ;O2
001_IBOE.set;1;2.424065;2.577261;3.388036;1.564883;1.597650;1.898882;1.409327;0.320957;-0.121788;-0.128150;0.503475;1.440149;2.418167;0.393847;-1.109129;-2.271607;-3.035011;-2.560537;-0.825184;0.973980;1.590215;-0.407711;-3.230466;-6.599325;-6.217340;-2.071764;0.464748;2.585382;1.688319;-0.999173;-4.662123;-9.558163;-11.124224;-7.727051;-3.074661;0.443089;2.991549;1.307524;-1.251039;-4.521153;-7.300408;-6.875584;-6.935813;-3.254530;0.584705;3.369793;0.843100;-4.047800;-5.673209;-2.444090;2.890081;-1.235851;-3.014958;0.548258
002_IBOE.set;1;9.059355;8.112364;8.805694;6.777813;5.463267;6.692814;4.716732;4.199334;3.664828;2.812313;3.919261;3.882526;4.853621;3.540003;1.612592;0.704209;-0.228167;-0.801601;0.271732;2.470301;5.691718;0.656163;-0.004675;-4.152550;-7.110967;-2.067277;1.605649;5.026200;5.681570;3.025922;0.152773;-6.168909;-8.880889;-2.262920;0.522435;0.833433;6.153988;6.487145;4.579573;2.911981;0.355018;0.057420;2.840071;4.209549;6.777093;7.675026;7.706432;5.784271;6.582439;8.805470;10.143656;7.066491;7.115306;9.603654
003_IBOE.set;1;2.857700;3.272430;2.431459;1.350755;1.563147;1.061357;0.619312;-0.335870;-0.561478;-0.198079;0.069995;0.777961;1.482158;-0.311895;-1.928359;-2.785848;-2.520550;-2.758030;-1.435170;0.097464;2.796111;0.368757;-1.332524;-5.937179;-5.964998;-1.849037;0.444324;2.703273;3.148491;1.492591;-0.687844;-4.831631;-9.582170;-4.493054;-1.168650;0.979076;2.917036;3.948659;2.584329;0.910251;-1.953620;-2.490809;-1.380834;0.701626;1.555189;2.827487;4.391741;2.860297;0.851783;2.797377;3.976819;3.298609;2.298258;2.971699
004_IBOE.set;1;10.971033;8.333310;10.378545;8.536558;5.857366;12.522798;5.580783;4.085745;2.874899;9.910739;9.530039;-0.687188;7.161144;3.588274;-3.147376;2.973112;20.428422;-1.235134;-1.674495;5.131036;6.482605;2.732174;-1.348982;-0.082394;8.861224;3.271118;6.714246;2.919331;4.216790;2.747388;3.315687;-0.202802;0.608725;-1.417891;1.147680;11.526531;7.334149;6.095413;0.949042;8.736333;7.680418;15.527657;8.259402;6.770715;10.965671;1.260421;7.077412;6.428377;1.164489;-0.488737;0.605978;7.881528;4.256491;14.048929
005_IBOE.set;1;-2.598315;-4.254629;-2.423494;-7.023898;-7.775279;-5.169420;-7.946763;-7.627921;-8.597754;-10.519532;-10.755438;-11.763852;-8.360519;-6.888986;-11.054336;-12.502142;-14.415761;-14.415393;-12.021551;-12.948841;-4.504329;-8.845380;-11.524949;-19.429243;-15.904650;-13.383655;-9.222713;-7.310366;-5.450485;-10.213552;-14.586227;-12.554038;-16.262362;-14.428042;-12.158576;-10.467813;-7.207677;-5.667874;-10.785898;-9.387472;-11.761547;-12.968294;-15.978165;-11.508366;-8.280734;-5.771664;-7.578475;-10.874931;-16.722569;-13.666526;-8.304344;-5.982868;-7.228781;-8.612044
006_IBOE.set;1;0.060587;-2.400972;-1.169636;-3.854836;-2.944179;-2.249635;-3.895706;-5.485232;-10.581530;-5.605606;-4.848678;-4.456037;-3.229174;-5.435345;-6.818691;-9.120869;-9.088944;-7.717639;-6.344778;-5.213889;-2.985365;-4.849220;-3.113687;-11.068862;-10.703128;-7.106961;-5.398070;-3.264241;-2.959478;-4.490853;-6.632490;-9.799882;-13.866488;-8.760374;-7.779022;-4.244549;-2.244272;-1.920996;-3.543280;-5.035358;-6.799864;-6.459620;-5.011891;-3.084423;-1.947516;-1.472818;-1.173641;-2.168964;-2.012760;-0.971707;-0.611713;-0.304282;-0.325021;-0.936522
007_IBOE.set;1;0.247970;0.245032;0.027518;-0.602996;-0.307506;-0.015695;-0.681712;-1.075076;-1.211697;-1.317886;-0.996107;-0.860662;-0.233015;-1.124619;-1.953518;-2.945501;-3.255669;-3.502049;-2.263578;-0.993072;0.015638;-0.281054;-1.174234;-5.969036;-5.397180;-1.830966;-1.426983;-0.368937;0.577065;-1.080885;-1.562251;-5.382327;-12.095537;-5.096163;-1.164575;-1.392168;0.334524;1.116880;0.313734;1.075984;-0.852195;-2.771304;-1.574830;-0.736953;-0.518552;1.176533;1.610368;2.457493;-0.257704;2.380118;0.919516;1.609683;1.406758;1.105380
008_IBOE.set;1;3.237769;2.673809;4.269457;3.436125;3.252171;4.430210;3.488769;2.454540;2.303924;2.444482;3.004940;3.709919;4.969555;2.657958;0.514382;0.080021;0.181330;0.251343;1.226612;2.914679;6.075333;1.773551;-1.073448;-5.093078;-4.312946;-0.623163;2.641634;6.487655;6.454911;3.640986;0.426790;-3.006628;-14.085350;-1.881214;1.596105;6.367798;7.391521;8.504851;6.182174;6.130459;3.416288;4.543990;4.925648;6.423298;15.328257;10.225268;9.096729;8.848363;8.111519;8.690598;9.961466;8.027481;6.849046;7.569977
