Freq. Range[4,7.990000e+00]
Name;#Ephocs;FP1;FPZ;FP2;AF3;AF4;F7;F5;F3;F1;F2;F4;F6;F8;FC5;FC3;FC1;FCZ;FC2;FC4;FC6;T7;C5;C3;C1;C2;C4;C6;T8;TP7;CP5;CP3;CP1;CPZ;CP2;CP4;CP6;TP8;P7;P5;P3;P1;PZ;P2;P4;P6;P8;PO7;PO3;POZ;PO4;PO8;O1;OZ;O2
001_IBOE.set;1;1.463872;2.371844;2.880307;0.908277;0.583503;0.934824;0.253217;-0.687505;-1.057382;-1.329815;-0.907562;0.372489;1.889683;-1.220382;-2.959152;-4.256565;-5.049510;-4.667658;-2.718171;-0.263684;0.161326;-2.058157;-5.927812;-7.760660;-8.810549;-4.199536;-1.257628;1.209636;-0.144748;-3.020440;-7.129443;-8.935257;-13.294075;-9.509115;-4.939103;-1.674444;0.807829;-0.992574;-3.389968;-6.315366;-9.046599;-9.405882;-8.451236;-5.477698;-2.155531;0.274832;-2.235061;-6.080114;-7.931709;-5.720955;-0.817128;-4.062712;-4.550639;-2.276283
002_IBOE.set;1;5.279646;4.105381;5.233589;2.448728;0.922882;1.552641;-0.828067;-1.213718;-1.656573;-2.025729;-1.180150;-1.152538;-0.037732;-2.941050;-4.773779;-5.271543;-5.987080;-6.451964;-5.319996;-3.459936;1.462976;-5.809028;-6.302141;-10.487728;-11.862522;-8.710014;-5.613597;-1.750229;-1.208929;-4.153550;-6.700399;-10.105222;-14.728324;-9.433057;-7.755890;-6.780465;-1.106243;-0.748126;-3.062808;-4.641752;-6.552908;-7.189323;-5.456362;-4.630202;-1.897146;-0.552616;0.077618;-1.692580;-0.731550;0.146281;1.351020;0.372101;0.312335;1.651269
003_IBOE.set;1;2.734499;3.619125;2.151248;0.908571;1.053506;0.775441;-0.107179;-0.978532;-1.158097;-1.005902;-0.603454;0.001305;1.393964;-1.390140;-3.029789;-3.268597;-3.003937;-3.389514;-2.654032;-0.641721;1.247875;-1.586179;-4.303174;-7.203845;-7.502796;-4.802446;-1.851731;0.417835;1.374947;-0.489091;-3.360940;-6.617452;-10.252240;-6.797747;-4.793737;-1.969523;0.441731;1.667252;-0.156305;-1.470539;-3.441626;-3.299933;-3.131896;-1.796705;-1.323976;0.571079;2.197120;0.752130;-0.331317;0.207151;1.059796;2.095784;1.246554;1.281000
004_IBOE.set;1;14.914440;12.729750;14.015889;12.387330;9.576688;15.648686;8.959323;7.234386;5.885430;12.434298;11.987628;2.947188;9.728021;6.475076;0.124823;5.449516;23.062236;2.208101;0.797811;7.507303;9.468955;5.313923;1.659484;1.999387;11.443275;5.598388;9.139798;5.385493;6.982815;5.204166;5.582541;2.285775;3.601395;1.336890;3.531274;14.110533;9.866095;8.763721;3.237015;11.290401;10.430288;18.257048;11.112342;9.585870;13.650838;3.985631;9.638423;8.830310;4.007975;2.237019;3.354643;10.624050;6.951932;16.758540
005_IBOE.set;1;0.244302;-1.742179;0.559437;-4.159249;-5.062148;-3.140520;-6.233097;-4.657833;-5.255869;-7.167277;-7.963991;-9.014266;-5.619717;-5.701020;-9.100269;-9.662821;-11.162554;-11.532715;-9.363467;-11.442282;-4.596909;-8.081042;-9.781500;-17.798817;-13.730505;-11.748782;-7.603345;-6.351062;-4.826509;-9.316275;-11.921019;-10.023774;-13.978237;-12.043360;-10.622877;-9.474494;-6.220707;-4.910386;-9.989010;-7.846047;-9.657888;-10.702512;-14.556164;-9.956127;-7.365362;-4.148042;-6.960757;-9.174163;-14.458085;-12.426338;-7.057084;-4.253231;-5.334218;-7.300630
006_IBOE.set;1;3.518582;0.561900;2.435647;-1.000378;0.201403;1.436431;-0.485870;-2.624508;-7.939082;-2.599270;-1.747359;-0.842369;0.854806;-2.339243;-4.425190;-6.296368;-5.300468;-4.613955;-4.072083;-1.740978;0.764885;-0.726793;0.373267;-8.970808;-8.599903;-4.917783;-2.115973;0.746584;1.134049;-1.212322;-4.109971;-7.611531;-11.020006;-6.401615;-5.123706;-0.858927;1.778222;1.568481;-0.208106;-2.011350;-3.910964;-3.457824;-1.789178;-0.017116;1.474222;2.672442;2.365004;1.060009;1.591470;3.221903;3.777481;3.767790;3.977473;3.722847
007_IBOE.set;1;0.379523;0.618500;0.812489;-0.120814;0.218763;1.115844;0.188722;-0.422188;-0.572505;-0.690078;-0.423058;-0.329138;0.471262;-0.839646;-2.320100;-2.936802;-2.686746;-3.054440;-2.061473;-0.835356;0.572915;-0.876130;-4.008246;-7.921962;-7.400226;-4.140909;-2.378859;0.340762;0.943131;-2.315354;-3.496455;-6.181900;-10.327388;-6.558500;-3.098358;-2.147889;0.311971;0.771089;-0.811751;1.531900;-1.788590;-3.235194;-2.752906;-2.024603;-1.398279;1.284042;1.174222;1.178382;-1.115884;0.517325;0.354441;1.536283;1.807048;1.019909
008_IBOE.set;1;1.152040;0.288105;2.062793;1.263463;0.843935;2.835560;1.113275;-0.105671;-0.319546;0.185821;1.691436;1.404575;2.442493;-0.389649;-3.249313;-3.529700;-2.336507;-2.878747;-1.583422;-0.208571;2.620001;-1.733104;-5.203909;-8.730822;-7.636543;-4.284034;-1.053603;2.372646;3.324025;0.030499;-3.783241;-7.252693;-16.641451;-6.052329;-2.728886;1.390438;2.757803;4.953996;1.491779;1.333604;-2.253504;-1.670137;-0.748056;1.356303;14.359200;4.602376;4.591629;3.200388;2.079438;3.650293;4.676511;3.688809;2.787444;3.246925
